<?xml version="1.0" encoding="UTF-8"?>
<project-private xmlns="http://www.netbeans.org/ns/project-private/1">
    <editor-bookmarks xmlns="http://www.netbeans.org/ns/editor-bookmarks/2" lastBookmarkId="0"/>
    <open-files xmlns="http://www.netbeans.org/ns/projectui-open-files/2">
        <group>
            <file>file:/C:/Users/Jocelin/Documents/NetBeansProjects/analizara/src/analizara/INTERFA.java</file>
            <file>file:/C:/Users/Jocelin/Documents/NetBeansProjects/analizara/src/analizara/lexer.flex</file>
            <file>file:/C:/Users/Jocelin/Documents/NetBeansProjects/analizara/src/analizara/Analizara.java</file>
            <file>file:/C:/Users/Jocelin/Documents/NetBeansProjects/analizara/src/analizara/loginPrueba.java</file>
            <file>file:/C:/Users/Jocelin/Documents/NetBeansProjects/analizara/src/analizara/splash.java</file>
            <file>file:/C:/Users/Jocelin/Documents/NetBeansProjects/analizara/src/analizara/Token.java</file>
            <file>file:/C:/Users/Jocelin/Documents/NetBeansProjects/analizara/src/analizara/Lexer.java</file>
        </group>
    </open-files>
</project-private>
